{
	"info": {
		"_postman_id": "0d9b00dc-4b4b-48bf-b526-e12884fa184d",
		"name": "forum-backend",
		"schema": "https://schema.getpostman.com/json/collection/v2.1.0/collection.json",
		"_exporter_id": "51257296",
		"_collection_link": "https://coltenparker-211097.postman.co/workspace/d63cb902-353c-4695-b559-adf478059534/collection/51257296-0d9b00dc-4b4b-48bf-b526-e12884fa184d?action=share&source=collection_link&creator=51257296"
	},
	"item": [
		{
			"name": "Get Users",
			"protocolProfileBehavior": {
				"disableBodyPruning": true
			},
			"request": {
				"method": "GET",
				"header": [],
				"body": {
					"mode": "raw",
					"raw": "",
					"options": {
						"raw": {
							"language": "json"
						}
					}
				},
				"url": {
					"raw": "{{url}}/users",
					"host": [
						"{{url}}"
					],
					"path": [
						"users"
					]
				}
			},
			"response": []
		},
		{
			"name": "Create User",
			"request": {
				"method": "POST",
				"header": [],
				"url": {
					"raw": "{{url}}/users",
					"host": [
						"{{url}}"
					],
					"path": [
						"users"
					]
				}
			},
			"response": []
		},
		{
			"name": "Get User by ID",
			"request": {
				"method": "GET",
				"header": [],
				"url": {
					"raw": "{{url}}/users/{{id}}",
					"host": [
						"{{url}}"
					],
					"path": [
						"users",
						"{{id}}"
					]
				}
			},
			"response": []
		}
	],
	"event": [
		{
			"listen": "prerequest",
			"script": {
				"type": "text/javascript",
				"packages": {},
				"requests": {},
				"exec": [
					""
				]
			}
		},
		{
			"listen": "test",
			"script": {
				"type": "text/javascript",
				"packages": {},
				"requests": {},
				"exec": [
					""
				]
			}
		}
	],
	"variable": [
		{
			"key": "url",
			"value": ""
		}
	]
}